"Effect","Estimate","Standard Error","DF","t Value","Pr > |t|"
Intercept,-0.9720,0.5093,156,-1.91,0.0582
rabs,2.6703,0.6700,1681,3.99,<.0001
rsgn,0.3888,0.5956,1681,0.65,0.5140
rabs*rsgn,1.9728,0.8689,1681,2.27,0.0233
smoothed,0.6760,0.2015,1681,3.35,0.0008
samplesize,0.005422,0.003063,1681,1.77,0.0769
plotstyle,-2.9627,0.7689,1681,-3.85,0.0001
rabs*plotstyle,6.0360,1.0285,1681,5.87,<.0001
rsgn*plotstyle,0.1205,0.8664,1681,0.14,0.8895
rabs*rsgn*plotstyle,-2.0182,1.3516,1681,-1.49,0.1356
smoothed*plotstyle,-0.8350,0.3003,1681,-2.78,0.0055
samplesize*plotstyle,0.02420,0.004720,1681,5.13,<.0001
