"Effect","Estimate","Standard Error","DF","t Value","Pr > |t|"
Intercept,3.5843,0.09408,159,38.10,<.0001
rabs,-0.01946,0.1266,1591,-0.15,0.8779
rsgn,0.3123,0.1130,1591,2.76,0.0058
rabs*rsgn,-0.7385,0.1757,1591,-4.20,<.0001
smoothed,-0.07245,0.04600,1591,-1.58,0.1154
samplesize,-0.00075,0.000676,1591,-1.11,0.2686
plotstyle,0.3418,0.1218,1591,2.81,0.0051
rabs*plotstyle,-1.1329,0.1776,1591,-6.38,<.0001
rsgn*plotstyle,-0.4431,0.1569,1591,-2.82,0.0048
rabs*rsgn*plotstyle,0.8382,0.2472,1591,3.39,0.0007
smoothed*plotstyle,-0.00160,0.06452,1591,-0.02,0.9802
samplesize*plotstyle,-0.00090,0.000936,1591,-0.96,0.3374
