"Effect","Estimate","Standard Error","DF","t Value","Pr > |t|"
Intercept,-0.7665,0.5168,159,-1.48,0.1400
rabs,2.4321,0.6859,1591,3.55,0.0004
rsgn,0.1632,0.6066,1591,0.27,0.7879
rabs*rsgn,2.2695,0.8885,1591,2.55,0.0107
smoothed,0.5874,0.2075,1591,2.83,0.0047
samplesize,0.005510,0.003136,1591,1.76,0.0791
plotstyle,-3.1195,0.7821,1591,-3.99,<.0001
rabs*plotstyle,6.2304,1.0505,1591,5.93,<.0001
rsgn*plotstyle,0.3646,0.8823,1591,0.41,0.6795
rabs*rsgn*plotstyle,-2.3501,1.3793,1591,-1.70,0.0886
smoothed*plotstyle,-0.7114,0.3084,1591,-2.31,0.0212
samplesize*plotstyle,0.02346,0.004827,1591,4.86,<.0001
